{"cameraMode":{"drawMode":0,"name":"Shaded","section":"Shading Mode"},"sceneLighting":true,"audioPlay":false,"sceneViewState":{"showFog":true,"showMaterialUpdate":false,"showSkybox":true,"showFlares":true,"showImageEffects":true,"showParticleSystems":true},"in2DMode":false,"pivot":{"x":195.23123168945313,"y":212.3288116455078,"z":0.33343505859375},"rotation":{"x":0.033903203904628757,"y":-0.0012046671472489834,"z":0.00004044328670715913,"w":0.9994264841079712},"size":349.7878112792969,"orthographic":false}