{"cameraMode":{"drawMode":0,"name":"Shaded","section":"Shading Mode"},"sceneLighting":true,"audioPlay":false,"sceneViewState":{"showFog":true,"showMaterialUpdate":false,"showSkybox":true,"showFlares":true,"showImageEffects":true,"showParticleSystems":true},"in2DMode":false,"pivot":{"x":302.4761962890625,"y":158.86233520507813,"z":-395.8141174316406},"rotation":{"x":-0.06323948502540589,"y":-0.017070699483156205,"z":-0.001077930792234838,"w":0.9978572726249695},"size":21.010000228881837,"orthographic":false}