{"cameraMode":{"drawMode":0,"name":"Shaded","section":"Shading Mode"},"sceneLighting":true,"audioPlay":false,"sceneViewState":{"showFog":true,"showMaterialUpdate":false,"showSkybox":true,"showFlares":true,"showImageEffects":true,"showParticleSystems":true},"in2DMode":false,"pivot":{"x":24.98261070251465,"y":35.05415344238281,"z":11.588706970214844},"rotation":{"x":-0.0029750666581094267,"y":-0.992198646068573,"z":-0.024105725809931756,"w":0.12234792858362198},"size":68.48098754882813,"orthographic":false}